revenue,mou,recchrge,directas,overage,roam,changem,changer,dropvce,blckvce,unansvce,custcare,threeway,mourec,outcalls,incalls,peakvce,opeakvce,dropblk,callfwdv,callwait,months,uniqsubs,actvsubs,phones,models,eqpdays,age1,age2,occhmkr,refer,income,setprc,children,credita,creditaa,prizmrur,prizmub,prizmtwn,refurb,webcap,truck,rv,occprof,occcler,occcrft,occstud,occret,occself,ownrent,marryun,marryyes,mailord,mailres,mailflag,travel,pcown,creditcd,retcalls,retaccpt,newcelly,newcelln,incmiss,mcycle,setprcm,retcall,churn
26.3490208156542,288.163201650154,37.95763070281516,4.155388026312467,0.0,5.547397625576138,-128.95156996303766,8.832935420360164,4.72663341360864,0.0,0.0,0.0,0.0,0.0,11.391488686340585,0.0,6.176125353100431,0.0,0.0,0.0,4.154993473407055,17.56849688337151,1.7880511125333243,1.7434124753614277,1.3970159972521712,1.0981590072911502,342.7030063230426,44.375453547507995,0.0,0.0,0.0,6.662295317793449,0.0,1.0,0.0,0.0,0.0,0.0,0.0,0.0,1.0,0.0,1.0,0.0,0.0,0.0,0.0,0.0,0.0,0.0,1.0,0.0,0.0,0.0,0.0,0.0,0.0,0.0,0.0,0.0,0.0,1.0,0.0,0.0,0.0,0.0,1.0
34.59666832195694,1114.4565042418108,55.47226962417724,3.154723990044392,0.0,0.0,235.95707609808503,23.212308539526596,20.20569241595254,0.0,92.6448328214818,7.860113003734144,0.5298834002280224,250.9990814324659,81.16435319642817,9.386108829425181,221.17137409913536,191.64954911069162,13.281611183463061,0.0,12.927080625886363,17.542899826639925,1.5337248648525743,1.7608098499194738,0.95,0.95,562.908969750938,19.0990606113106,19.47923270602274,0.0,0.0,1.29343517435011,3.081943663847788,0.0,0.0,0.0,0.0,1.0,0.0,1.0,1.0,1.0,0.0,0.0,0.0,0.0,0.0,0.0,0.0,1.0,0.0,0.0,0.0,1.0,0.0,0.0,1.0,1.0,0.0,0.0,1.0,0.0,0.0,0.0,1.0,0.0,1.0
76.58554202875398,567.0803515455998,63.91010445974136,1.257825473584362,63.279735602477515,0.0,-151.98500692445552,39.91161444101347,5.798333760756357,0.0,0.0,0.0,0.16324456885462868,222.78427318321698,49.56233439634359,34.76279183210335,113.84432000875995,35.83408759805013,0.0,0.0,5.965999308698695,26.06535406417538,2.7130691761892587,2.8860577886966565,2.4192400562761245,1.9314741626374674,574.2877378989534,47.42594129793655,31.46977361640014,0.0,0.20718920124657247,7.719033258317075,0.0,0.0,0.0,0.0,0.0,0.0,0.0,0.0,1.0,0.0,0.0,1.0,0.0,0.0,0.0,0.0,0.0,0.0,0.0,0.0,0.0,1.0,0.0,0.0,0.0,0.0,0.0,0.0,0.0,0.0,0.0,0.0,1.0,0.0,1.0
26.409653889631926,579.2907647679796,31.28714561460039,0.0,0.0,0.0,217.6804095525486,22.755174089574354,12.408919603544366,0.0,32.06069021854734,6.218139085307879,1.0063051373230056,164.88925062729533,47.02006040785449,17.13450892200165,144.4119481524959,64.53671437587192,10.093293389313265,0.0,1.5098525600881314,6.598939398682202,2.270066307302456,1.9220519045826516,0.95,0.95,55.50237166738174,0.05270201733190305,28.46718000950412,0.0,0.013380914624718361,4.194353363576548,0.0,0.0,0.0,0.0,0.0,0.0,0.0,0.0,1.0,0.0,0.0,1.0,0.0,1.0,0.0,1.0,0.0,1.0,0.0,0.0,0.0,1.0,0.0,0.0,1.0,1.0,0.0,0.0,1.0,0.0,0.0,0.0,1.0,0.0,0.0
90.57040433644244,1140.50636895671,50.20620484495265,2.6820787073325723,44.43948059715432,12.751190586852855,186.7953592302153,41.97988537867185,13.703373535550632,13.924182151523704,66.45166388950415,6.803720620637337,0.44154575581416544,163.39760130239702,42.589152198545825,7.80539505009995,99.67465456574939,168.91691815674312,24.350843511820415,0.0,0.0,25.120315803710145,1.8730484819393642,1.2809780391271726,3.2515604272668943,1.9909579922840828,462.28085132153257,0.0,0.0,0.0,0.33944576479375255,0.31231619468469063,34.442107310124186,0.0,0.0,0.0,0.0,0.0,0.0,0.0,0.0,0.0,0.0,1.0,0.0,0.0,0.0,0.0,0.0,0.0,0.0,1.0,0.0,0.0,0.0,0.0,0.0,0.0,4.0,1.0,1.0,0.0,1.0,0.0,1.0,0.0,0.0
7.21321111625047,309.5484469042631,43.90591118519369,2.053797225690988,0.0,0.0,-465.7323221576867,-75.98572551356715,1.804773738746115,2.5496136726786496,21.516902947520425,4.890702367634201,0.0,62.47380817802526,0.0,0.0,116.11137278166508,66.71785399683193,7.90713571243418,0.0,9.065195931151385,5.699999999999999,1.1515399821002306,0.9496995955984131,0.95,0.95,477.7163805914938,10.94905607262276,41.46794575527509,0.0,0.14054073356338403,2.408843505365939,53.34174171722053,0.0,0.0,0.0,0.0,0.0,1.0,0.0,1.0,0.0,0.0,0.0,0.0,0.0,0.0,0.0,0.0,0.0,0.0,1.0,0.0,0.0,0.0,0.0,0.0,0.0,0.0,0.0,0.0,0.0,0.0,0.0,0.0,0.0,0.0
120.62092032328992,451.93745188354916,94.63251299355082,2.7542165332973294,71.24601007899659,12.674145764467955,15.972692829371944,-38.567869895183684,7.9527000858304495,11.17705908214001,0.0,2.3094117878278113,0.0,77.68294236222465,0.0,0.0,12.238617517544398,6.501333762168677,18.256431213866954,0.0,0.0,18.03132117466381,0.95,0.11565657648308592,3.5312478630377626,2.5388362520343972,99.10138904677473,12.891457095541856,29.001869795792427,0.0,0.0,0.0,128.8862156574317,1.0,0.0,0.0,0.0,1.0,0.0,0.0,1.0,0.0,1.0,0.0,0.0,1.0,0.0,0.0,0.0,0.0,1.0,0.0,0.0,0.0,0.0,0.0,0.0,1.0,0.0,0.0,0.0,0.0,0.0,0.0,1.0,0.0,0.0
59.60542916704593,465.47498049781143,46.831058755992856,5.695334712974189,25.473584949785092,5.712777819643104,145.41719014923362,3.72499705109641,0.0,0.0,67.44134695981812,6.566837121945337,0.0,0.0,0.0,0.0,61.902101053622985,9.300723090853609,0.0,0.0,8.034225296200864,33.66498272187457,2.190537317200256,2.0521794560784032,2.83726378775458,2.4564909313629935,460.12402582338194,41.9530127930167,21.65845816031597,0.0,0.0,4.055511658729393,38.67995170587911,1.0,0.0,1.0,0.0,0.0,0.0,0.0,1.0,0.0,0.0,0.0,0.0,0.0,0.0,0.0,0.0,1.0,0.0,0.0,1.0,1.0,0.0,0.0,0.0,0.0,0.0,0.0,0.0,0.0,0.0,0.0,0.0,0.0,0.0
57.10171532102106,551.4080067761624,33.68895623177103,0.0,58.9053640424127,1.6442587932594677,-248.10989125835135,-21.446362878197,1.699783026155858,4.895581674592122,79.93986203870811,0.0,0.74812897764413,197.4305584157204,17.325589616302633,6.99521594571935,94.82832091002712,206.28087047514654,5.546843798778291,0.0,15.0226417679333,12.843607959579561,1.3680766875536978,0.8887817916083591,2.7231153426254346,1.985759619995258,-1.9,3.682585337339681,0.0,0.0,0.07995126782429846,2.8801707103162135,49.546714654462406,0.0,0.0,0.0,0.0,0.0,0.0,0.0,1.0,0.0,0.0,1.0,0.0,0.0,0.0,0.0,0.0,0.0,0.0,1.0,0.0,1.0,0.0,0.0,0.0,1.0,0.0,0.0,1.0,0.0,0.0,0.0,0.0,0.0,0.0
47.23166951181898,353.5491103644815,51.19807774208208,0.0,15.970158460348312,0.0,-193.37425649804044,-17.982507712064535,5.996710872520811,1.4198392052910522,4.428313431503167,4.117897790419519,1.0421399309509822,148.97750904050838,29.314756975419936,12.324390083507655,58.413704385009986,96.47856701041779,5.851954384436315,0.0,0.0,27.390601914298117,1.0106839958438996,0.5713626360047291,0.95,0.95,549.2785406259054,0.0,5.424350815504317,0.0,0.29371275621908743,1.5542676607163637,0.0,1.0,0.0,0.0,0.0,0.0,0.0,1.0,1.0,0.0,0.0,0.0,0.0,0.0,0.0,0.0,0.0,0.0,1.0,0.0,0.0,0.0,0.0,0.0,0.0,1.0,0.0,0.0,0.0,0.0,1.0,0.0,0.0,0.0,1.0
83.5827344670528,464.3849611623636,55.368990767280366,2.6187923434772165,95.48203862166048,4.837391156435198,58.058353250531226,15.747908483490752,7.465061961918327,0.0,55.805266591601324,6.752465321215334,0.25294530845056706,130.41624218668534,14.539578207459781,2.3417790017213527,118.75170591742872,52.76655363853125,5.19001376491385,0.0,9.058843099467259,5.699999999999999,0.95,0.737537718470821,1.3821647078755983,1.4285254467054878,166.60934254970826,35.233734614300275,10.136151319635049,0.0,0.15363553086540233,3.1045807208104894,96.8213748151039,0.0,0.0,0.0,0.0,0.0,0.0,1.0,1.0,0.0,0.0,0.0,0.0,0.0,0.0,0.0,0.0,0.0,0.0,1.0,0.0,1.0,0.0,0.0,0.0,1.0,0.0,0.0,0.0,0.0,0.0,0.0,0.0,0.0,1.0
62.32357414842522,333.4663802760021,86.64675185845843,0.0,21.001034802046064,6.197244799911094,43.88960018878085,-47.62178834115701,10.123519601922524,10.556455609738608,0.0,0.0,0.6877523189760302,56.59930883125589,25.58985023561747,3.585540051109073,49.487243349341995,26.938559098947835,17.762656689527706,0.0,3.421464907750621,14.95451329382279,1.9391884483863446,2.0043801492867566,1.2696995470456005,1.320915599561645,607.8910879846476,20.345895972700305,15.776546948225217,0.0,0.4487889992742411,3.374289742090242,40.82334876437932,0.0,0.0,0.0,1.0,0.0,1.0,0.0,1.0,0.0,0.0,1.0,0.0,0.0,0.0,0.0,0.0,1.0,0.0,1.0,0.0,0.0,0.0,0.0,1.0,1.0,0.0,2.0,1.0,0.0,1.0,0.0,0.0,0.0,0.0
87.52264540827005,1501.3438462390382,72.20931068050142,2.036910811547991,9.769917300310901,6.442367017217047,-42.22393889098822,16.008967229472294,22.654495624763214,11.319693559482344,83.77684581355648,5.5574283380425165,0.71982272516384,302.93807474179584,77.82256850604202,1.8643173509325912,217.39684719292137,210.22165768307605,29.565291867623536,0.0,13.747556409941923,24.947522160188896,3.155427895859363,1.9853313306469795,1.6129955751775868,1.4153719977816577,550.2085742056657,1.491842011636212,2.97784144907531,0.0,0.0,0.0,27.679178148576522,0.0,0.0,0.0,0.0,1.0,0.0,0.0,1.0,0.0,0.0,1.0,0.0,0.0,0.0,0.0,0.0,0.0,1.0,1.0,1.0,0.0,0.0,0.0,0.0,1.0,0.0,0.0,0.0,1.0,1.0,0.0,0.0,0.0,0.0
154.49782208174685,1398.5950859045088,83.2409119347883,6.01287231807197,177.61411990683695,14.752832693508278,560.9846629591999,103.49110091019807,12.741782353074944,0.0,50.37039850406337,0.07323899162573211,0.0,417.17872261285146,62.64764847241349,28.695407433453905,211.78442493515018,127.0918173753476,0.0,0.0,4.1551906482196905,24.828064700515597,1.231192978756063,1.564439052182046,4.135638694811541,2.7237115642718885,82.61920876821591,60.38081175290952,53.23218507275626,0.0,0.0,4.671358480390398,31.156164558116465,0.0,0.0,0.0,0.0,0.0,0.0,0.0,1.0,0.0,0.0,1.0,0.0,0.0,0.0,0.0,0.0,1.0,1.0,0.0,0.0,1.0,0.0,0.0,1.0,1.0,0.0,0.0,0.0,1.0,0.0,0.0,0.0,0.0,1.0
115.6488811375433,881.3582525531033,79.37900066100653,5.901322838917244,112.09655657692096,7.988748177774266,18.9776744105706,49.966360434938814,1.235035711210461,5.519703436739458,87.47765416922984,4.889283969644478,0.0,251.05469678914022,0.0,20.96880450465892,122.42609092912261,100.36499563969105,8.243591119989075,0.0,0.8082607250325129,39.04815029389675,1.105990166219394,0.48017233371855483,3.4490293753480232,2.471926615759328,373.9971601280823,34.65714148034379,46.97812996652462,0.0,0.01877961141590828,5.641957412743823,74.11942236657576,1.0,0.0,0.0,0.0,0.0,0.0,0.0,1.0,0.0,0.0,0.0,0.0,0.0,0.0,0.0,0.0,0.0,1.0,1.0,0.0,0.0,0.0,0.0,0.0,1.0,0.0,0.0,1.0,0.0,0.0,0.0,1.0,0.0,1.0
3.3249999999999997,171.07459626299595,12.570473843979073,0.0,0.0,0.0,123.08274134953237,25.86436658049847,8.38424070116135,0.0,46.28583051420519,4.671925562347263,0.47018199137740535,96.12983774439223,19.039608874052117,7.127496554490755,0.0,136.6051177554574,4.415770997253621,0.0,2.525924106195469,10.911403133648804,0.95,0.6660152242035844,0.95,1.0982620854176435,199.17431731398975,34.55012521943256,10.679982136619675,0.0,0.0,7.187806582956673,1.7922883329003696,0.0,0.0,0.0,0.0,0.0,0.0,0.0,1.0,0.0,0.0,0.0,0.0,0.0,0.0,0.0,0.0,0.0,1.0,1.0,0.0,0.0,0.0,0.0,0.0,0.0,0.0,0.0,0.0,0.0,0.0,0.0,1.0,0.0,1.0
26.123823572600173,293.48297940829093,44.75835437646633,0.09897529256366244,29.965500962796533,0.0,-62.03331052918347,-1.2511077556273058,5.613926038208633,0.0,20.421531585824383,0.0,0.5769338573173735,122.34831728424687,17.494304174867104,0.22593223883577807,177.63072899031562,110.23366169578193,0.3630280507135524,0.0,12.566100832500187,5.699999999999999,1.7314726541037984,1.6376312503600965,1.26266340195414,1.0330263011104623,149.62383636730362,53.68085660203282,43.212315231937694,0.0,0.07573504278688735,6.585236713225852,87.55606008628861,0.0,0.0,0.0,0.0,0.0,0.0,0.0,1.0,0.0,0.0,1.0,0.0,0.0,0.0,0.0,0.0,0.0,0.0,0.0,0.0,1.0,0.0,0.0,0.0,1.0,0.0,0.0,0.0,0.0,0.0,0.0,1.0,0.0,0.0
3.3249999999999997,0.0,11.397452971554657,0.0,0.0,0.5519206069866766,-9.129630965279596,-35.2861220474044,0.0,13.424790621463819,0.0,1.0311198269300959,0.0,0.0,0.0,0.0,0.0,0.0,7.223693668676406,0.0,0.0,24.891730857674304,0.9523034907491253,0.9722877871842392,2.3073308005017354,1.551315196920818,805.0383281470024,82.40891714829552,35.79037254993774,0.0,0.0,4.098784374328176,76.55321080333694,0.0,0.0,0.0,1.0,0.0,0.0,0.0,1.0,0.0,0.0,0.0,0.0,0.0,0.0,0.0,0.0,0.0,0.0,0.0,1.0,0.0,0.0,0.0,1.0,1.0,0.0,4.0,0.0,0.0,0.0,0.0,1.0,0.0,0.0
37.30952316788055,0.0,49.1691611178445,0.0,2.6500999591692036,0.0,96.52244343659532,-28.420250125069046,0.0,0.0,0.0,0.0,0.0,14.359161062837174,4.390722968590957,11.18240549231656,0.0,74.23342653823912,0.0,0.0,10.665910054183955,22.59387528099817,2.150893951173,1.1828856699486048,2.21284536848656,2.569221628186621,374.4588553132158,31.04234785061153,0.0,0.0,0.39632464930691647,5.80015256668419,21.10000587604316,0.0,0.0,0.0,0.0,0.0,0.0,0.0,1.0,0.0,0.0,1.0,0.0,0.0,0.0,0.0,0.0,0.0,0.0,0.0,0.0,0.0,0.0,0.0,1.0,1.0,0.0,0.0,0.0,0.0,0.0,0.0,1.0,0.0,0.0
76.61248598404477,525.1353262882797,36.01040726520217,0.0,161.8011925683326,7.514319557874395,-240.97756926403474,21.791008110223828,14.404676641211593,2.01611417077833,7.717252862515938,0.0,0.0,186.3484788898918,76.1024405002323,13.76682188314746,172.5283227309518,123.74388617079316,14.213268588971184,0.0,14.538873512245324,13.40007609993064,1.6246675937419925,1.3965716975188551,2.3125391844263694,1.913560987312719,303.545572012775,22.85182993478727,35.931995459769404,0.0,0.07891049726848746,2.1373169504714324,98.64944363752527,0.0,0.0,0.0,0.0,0.0,0.0,0.0,1.0,1.0,0.0,0.0,0.0,0.0,0.0,0.0,0.0,1.0,0.0,0.0,0.0,1.0,0.0,0.0,0.0,0.0,0.0,0.0,0.0,0.0,0.0,0.0,0.0,0.0,1.0
46.27823229547006,783.0136286740733,33.486536889428365,0.0,14.409267893416121,0.0,66.93994539662961,39.84491106032314,10.38904453252153,6.684455637237599,0.0,0.0,0.7525170298105567,235.23260676325555,86.12277648475178,14.709956057899477,189.3336336226157,107.16354321774165,19.12996741489018,0.0,2.234928400885115,29.192050834730196,2.595742515093828,2.1199888958734063,2.622577873549048,2.7029801896026275,200.52098481452308,60.34234418357464,25.18133520813652,0.0,0.0,8.639032314531377,29.38794752464906,1.0,0.0,0.0,0.0,1.0,0.0,0.0,1.0,0.0,0.0,1.0,0.0,0.0,0.0,0.0,0.0,0.0,1.0,0.0,0.0,0.0,0.0,0.0,0.0,0.0,0.0,0.0,0.0,0.0,1.0,0.0,0.0,0.0,1.0
3.3249999999999997,223.91297638511463,3.6498981880132675,0.33248506007445755,0.0,6.894498713351592,23.679802195208346,14.905883207796284,0.0,0.0,50.909901900683884,2.4344202269216177,0.0,67.32997732870044,0.0,7.467184304598013,0.0,13.973738139798776,0.0,0.0,0.0,26.445028270519824,1.2077203187724206,1.6004820220072367,1.9584957202746258,1.0732979015057342,598.043977513472,2.102880183494648,17.50547639042653,0.0,0.2933247587171581,0.0,20.802797564491968,0.0,0.0,0.0,0.0,1.0,0.0,0.0,1.0,0.0,0.0,0.0,0.0,0.0,0.0,0.0,0.0,0.0,0.0,0.0,0.0,0.0,0.0,0.0,1.0,1.0,0.0,0.0,0.0,0.0,1.0,0.0,1.0,0.0,0.0
73.13866862444793,497.6894984206309,26.537885040395683,3.3930324827056464,88.64547970375642,13.741048995500835,101.39231698262843,-7.720450150875196,5.854528244242285,14.40751406864601,50.33914554581962,0.07380506104713702,0.0,108.53040115723317,0.0,0.0,114.57554481165528,160.04711297462103,23.23380872990119,0.0,9.947051912775436,23.328014068040506,0.95,0.0,3.3026469295832586,1.8466925271702699,503.1047173686791,31.575156546581113,0.0,0.0,0.05223549241718772,5.704710941255699,62.261679065083854,0.0,0.0,0.0,0.0,0.0,0.0,0.0,0.0,0.0,0.0,1.0,0.0,1.0,0.0,0.0,0.0,0.0,1.0,0.0,0.0,1.0,1.0,0.0,0.0,0.0,0.0,0.0,0.0,0.0,0.0,0.0,1.0,0.0,1.0
18.220579310114182,197.01502371742941,45.703831576593,0.0,0.0,2.4148954048896667,23.158918902246384,-75.86713464257684,0.0,2.709314000848993,1.8314091597373334,1.179700938709893,0.0,0.0,0.0,0.0,0.0,0.0,1.2215857792428508,0.0,0.0,5.699999999999999,1.826608788928682,1.5305848554664785,0.95,0.95,304.83281641073825,38.02306625014712,46.21137722789858,0.0,0.0,8.601332408222397,42.18724446126881,0.0,0.0,0.0,0.0,0.0,0.0,0.0,1.0,0.0,0.0,0.0,1.0,0.0,0.0,0.0,0.0,0.0,0.0,0.0,1.0,0.0,0.0,0.0,0.0,1.0,0.0,0.0,0.0,1.0,0.0,0.0,0.0,0.0,0.0
42.9821419894126,360.9306587620564,30.587026074709193,4.4357782181291325,14.667188366320136,4.3697610669019875,339.50892662025313,17.664757331626546,0.0,0.0,29.969757965580538,0.0,0.0,24.660956678218426,12.146640012280328,10.475284656399944,0.0,0.0,0.0,0.0,0.9727626621771148,13.430428859841314,2.5681514355573194,1.5358444977250372,1.7856158015249746,1.3333987791153206,185.27629747127924,29.14402130437187,22.75089681728386,0.0,0.5274556245465871,2.07770997155597,39.18738999959099,0.0,0.0,0.0,0.0,0.0,0.0,0.0,1.0,1.0,0.0,1.0,0.0,0.0,0.0,0.0,0.0,0.0,1.0,0.0,0.0,0.0,0.0,0.0,0.0,1.0,1.0,0.0,1.0,0.0,1.0,0.0,0.0,0.0,0.0
39.92197605508461,0.0,45.22961557436295,0.7199055484042926,0.0,3.714595990931887,-14.560619270466507,-7.901849470280196,1.519839545163368,8.890366876707887,3.0111419421267023,0.8081213802511996,0.25482296047005476,0.0,7.7149961147135855,8.302254938418137,20.705559328605062,17.90308779509072,13.229515333335298,0.0,2.0972943528717503,24.78723037048744,0.9967379368500889,0.4822285251624604,1.5647327337350903,1.5775322146316277,922.2447921950469,52.90983488477738,45.265630586022766,0.0,0.0,0.7315608119377193,49.39537688590601,0.0,0.0,0.0,0.0,1.0,0.0,0.0,1.0,0.0,0.0,0.0,0.0,0.0,0.0,0.0,0.0,0.0,1.0,0.0,0.0,0.0,0.0,0.0,0.0,1.0,0.0,2.0,0.0,0.0,0.0,0.0,0.0,1.0,0.0
144.3722790682483,778.874232895305,68.0904610765266,1.6043543189212475,194.83210095734304,10.521827135591334,-81.2116558579498,-25.248246854789205,10.29940459337466,0.0,11.433197348917076,4.131951325340836,0.0,321.5594908859657,32.84853968904224,12.16274519346954,132.9649248358332,109.36287985365058,7.953032796263033,0.0,5.940515499275966,38.37253725094312,1.893381431050154,1.687031417489746,2.922263943797396,2.48038205184415,458.6039606382134,43.00961501872082,15.707434740997545,0.0,0.1345217365870019,0.0,66.17275215865025,0.0,1.0,0.0,0.0,1.0,0.0,0.0,1.0,0.0,0.0,0.0,0.0,0.0,0.0,0.0,0.0,1.0,0.0,1.0,0.0,1.0,0.0,0.0,0.0,0.0,0.0,0.0,0.0,0.0,0.0,0.0,1.0,0.0,0.0
59.28499872213504,316.92228269167964,43.2097623764119,1.94824057546181,0.0,8.065874078201528,-336.5788958014824,-11.490526146780464,0.0,16.214864472994606,0.0,0.0,0.7358438321740697,0.0,0.0,0.0,56.104021392550294,0.0,6.369748980412012,0.0,0.0,27.750633024268158,2.1566119617886423,1.4996086760762435,1.5183378972967079,1.3037275875337258,587.9470264452184,30.474847905344735,23.844468425355327,0.0,0.0,0.9915772406265306,0.0,1.0,1.0,0.0,0.0,0.0,0.0,0.0,1.0,1.0,0.0,0.0,0.0,0.0,0.0,1.0,0.0,1.0,0.0,0.0,1.0,1.0,0.0,0.0,0.0,1.0,0.0,0.0,0.0,0.0,0.0,0.0,1.0,0.0,0.0
58.45121324925825,0.0,38.26785883311925,4.145329585454395,25.42145289465639,0.0,226.3936934305579,51.36134433393776,0.0,6.460838348428844,0.0,0.0,0.0,0.0,15.287372141572897,0.0,16.166614050000774,0.0,2.4039194555468315,0.0,0.0,18.009237134218377,2.1159816925356503,1.587299823672963,1.352306478185476,1.008743122279721,169.96855103649037,82.39063899964695,85.56484995017878,0.0,0.0,9.450000000000001,18.132864938056592,0.0,0.0,0.0,0.0,1.0,0.0,0.0,0.0,0.0,0.0,0.0,0.0,0.0,0.0,0.0,0.0,0.0,1.0,1.0,0.0,0.0,0.0,0.0,0.0,0.0,0.0,0.0,0.0,0.0,0.0,0.0,1.0,0.0,0.0
47.58348879105172,307.68631667347074,38.0824377399191,0.0,102.74797328212846,5.50064387919808,-137.04902816448427,-64.64779925432681,11.662991220337245,0.0,29.504704700790928,0.0,0.16277883347554295,0.5778522258168977,20.069604443375532,0.16690382616281685,21.983025096151735,0.0,10.422354511875454,0.0,0.0,14.083136897298584,0.95,0.34424728218641465,0.95,0.95,517.7132705223892,60.62413563119655,40.068346661371564,0.0,0.20013643259189756,5.186331947115738,0.0,0.0,1.0,0.0,0.0,0.0,0.0,0.0,0.0,0.0,0.0,0.0,0.0,0.0,0.0,0.0,0.0,0.0,0.0,0.0,0.0,0.0,0.0,0.0,0.0,0.0,0.0,0.0,0.0,0.0,0.0,0.0,1.0,0.0,0.0
34.93819281637991,314.6312438844974,45.152952131195875,0.0,0.0,0.0,221.84288890967807,8.44251937177351,1.7387363440371972,1.9862691712957214,0.0,0.0,0.40493422019849046,82.60996211196132,18.01298200770993,13.149956341176448,71.22762297498906,129.55489088501054,0.0,0.0,8.351942596080047,14.779341324401639,1.94615574182639,1.5148342575657558,3.2939166149572587,2.385205335489581,-1.9,32.11944025215447,37.3374468981742,0.0,0.1538353775996142,0.21249355564678307,0.0,0.0,0.0,0.0,0.0,0.0,0.0,0.0,1.0,0.0,0.0,0.0,0.0,0.0,0.0,0.0,0.0,0.0,0.0,0.0,0.0,1.0,0.0,0.0,0.0,1.0,0.0,0.0,0.0,0.0,1.0,0.0,0.0,0.0,0.0
3.3249999999999997,0.0,12.147615652314812,0.0,0.0,0.0,-250.7793889018156,-1.58973653395384,0.0,0.0,0.0,0.0,0.04414465934219522,0.0,0.0,0.0,0.0,0.0,0.0,0.0,0.0,47.844385645403406,2.968008921064811,2.2125140241801224,1.1627577309288872,1.4641266068771637,947.1566598363333,68.98055938701522,32.784487609142126,0.0,0.052426988569228644,6.994958748410527,16.568786779536726,0.0,0.0,0.0,0.0,0.0,0.0,0.0,1.0,0.0,0.0,0.0,0.0,0.0,0.0,0.0,0.0,0.0,0.0,1.0,0.0,1.0,0.0,0.0,1.0,1.0,0.0,0.0,0.0,0.0,1.0,0.0,1.0,0.0,0.0
89.81810441489176,552.2398019578211,60.61048693926209,0.029869421409550956,99.13762154889439,5.862421611235979,-202.3768923143151,20.364503290305173,5.962512098671852,12.79870715058205,112.1448652276597,3.910432643116354,0.0,25.26936631207451,19.190682344695855,8.828516402694415,178.02461448658732,186.2790862839684,20.67519909753195,0.0,8.082412911663512,13.266944496044845,1.1562807749692658,0.8866285264601805,1.4384814194200348,1.1925340491393768,612.8931443299704,42.12268081789435,31.33205087560026,0.0,0.21234873074317046,1.3982335367063121,32.71414063052229,0.0,0.0,1.0,0.0,1.0,0.0,0.0,1.0,0.0,0.0,1.0,0.0,0.0,0.0,0.0,0.0,0.0,0.0,0.0,1.0,0.0,0.0,0.0,0.0,1.0,0.0,0.0,0.0,0.0,1.0,0.0,1.0,0.0,1.0
89.07267569581325,632.9577732353123,80.71566670409969,0.0,35.3270293408714,0.0,22.85386779004135,20.774130761083597,21.664111659416328,18.002126596963684,0.0,0.0,0.0,112.20614347314043,93.15199040561481,9.29495626810488,48.60563919588074,54.63216066494391,41.890221858588916,0.0,3.0188159921675486,19.056676155519703,1.8644202794593479,1.5660090512963867,0.95,0.9755320331097765,348.342178909477,39.05896725839301,36.99078267455764,0.0,0.4113763228578807,5.241869744974047,37.23337379110555,0.0,0.0,0.0,0.0,0.0,0.0,1.0,1.0,1.0,0.0,0.0,0.0,0.0,0.0,0.0,0.0,0.0,0.0,0.0,0.0,0.0,0.0,0.0,0.0,0.0,0.0,0.0,0.0,0.0,0.0,0.0,0.0,0.0,0.0
42.86969616788694,92.92607850000064,25.986207757981873,0.0,13.091660867698103,2.8222487051180827,-262.54754969422027,-69.2332479073387,8.258668353830162,9.146723694997023,3.1176531343558445,3.5174262224587425,0.9494856548845394,39.827381767004226,14.567284225645531,8.400840538137198,108.20134585780303,56.719967384829246,21.821241112131894,0.0,0.0,15.392295201491208,0.95,1.0595626488053762,1.9778117682995278,1.449988093141697,55.07689468310508,27.638901892158472,44.840253144509624,0.0,0.0,4.156461904716939,50.80726343167433,0.0,0.0,1.0,1.0,1.0,0.0,0.0,1.0,0.0,1.0,0.0,0.0,0.0,0.0,0.0,0.0,1.0,1.0,0.0,0.0,0.0,0.0,0.0,0.0,0.0,0.0,0.0,0.0,1.0,0.0,0.0,1.0,0.0,0.0
3.3249999999999997,0.0,33.86109244605448,0.0,0.0,0.0,-439.5392808441316,-52.612362152069565,6.45298216334607,13.122068403646894,0.0,0.0,0.0,0.0,0.0,0.0,18.87620633694719,107.79623394471227,22.39328365776926,0.0,0.15558122324451662,9.776024396783509,1.7321908220253472,1.831728973508946,1.131482887709967,0.95,152.48052659619339,47.553019767079675,56.19229514150692,0.0,0.2878335299140226,5.694809615003127,0.0,0.0,0.0,0.0,0.0,0.0,0.0,1.0,0.0,0.0,0.0,0.0,0.0,0.0,0.0,0.0,0.0,0.0,0.0,0.0,1.0,1.0,0.0,0.0,0.0,1.0,0.0,0.0,1.0,0.0,1.0,0.0,1.0,0.0,0.0
47.5319513749579,148.4680436439723,68.29794197862475,1.5027358593277962,0.0,6.168795405158072,57.882708320204586,-20.061644781320197,5.149914293573605,0.0,0.0,7.173786572631173,0.0,131.07914444244136,14.782101970201115,11.892168481053533,83.34829200162879,38.583710418274975,3.0077628532586145,0.0,0.4680341186986927,19.79435661602823,2.321265339431912,1.8316780684668317,3.4805741072775263,2.339568943861419,200.84414592041335,26.72780180567041,18.888972956881396,0.0,0.0,6.477325550643948,94.58102322132433,0.0,1.0,0.0,0.0,0.0,0.0,1.0,1.0,0.0,0.0,1.0,0.0,0.0,0.0,0.0,0.0,0.0,0.0,1.0,0.0,1.0,0.0,0.0,0.0,0.0,0.0,0.0,0.0,1.0,0.0,0.0,0.0,0.0,0.0
30.485259430283477,364.3198969145777,54.47916451827305,1.673659253816444,12.084746641691517,0.0,-129.80218016498998,-29.873659611577892,0.0,0.4473399929971973,69.56824946173074,0.3699186491595461,0.0,110.56500187907241,0.0,0.0,94.43472433600233,13.645928057441814,0.0,0.0,3.2778696282374518,16.620482370409135,1.411308050410728,1.0846807673458794,1.8353717469475532,0.95,523.7857207622662,0.0,3.6146268525587892,0.0,0.10195347963414336,3.597684128991654,0.0,0.0,0.0,0.0,0.0,0.0,0.0,0.0,1.0,0.0,0.0,1.0,0.0,0.0,0.0,0.0,0.0,0.0,0.0,0.0,1.0,0.0,0.0,0.0,0.0,1.0,0.0,0.0,1.0,0.0,0.0,0.0,0.0,0.0,1.0
3.3249999999999997,0.0,16.570276637395647,0.0,0.0,0.0,-276.31521712375815,-35.27805212610393,1.839649395639614,0.0,22.602946618921724,0.14588480280583238,0.0,0.0,0.0,4.28357405129467,0.0,0.0,0.0,0.0,0.0,19.270925570390364,1.7061258435429068,1.095353803810857,1.7311417114751548,1.9577674871469484,91.09970938647137,50.39704807682648,22.94995714848196,0.0,0.0,2.0663357750566766,11.747926733186585,1.0,0.0,0.0,0.0,0.0,0.0,0.0,1.0,0.0,0.0,0.0,0.0,0.0,0.0,0.0,0.0,1.0,0.0,1.0,1.0,0.0,0.0,0.0,0.0,0.0,0.0,0.0,1.0,0.0,0.0,0.0,0.0,0.0,0.0
104.26752712119878,226.8059544667854,38.57660112647313,1.2788951211050745,174.46491655242738,4.766687174319117,546.0952121295692,77.87286097221417,2.887144125023138,0.0,0.0,1.724496496239344,0.0,0.0,0.0,0.0,33.98553205593824,0.0,0.0,0.0,0.0,18.269966336008874,2.1856936015160815,2.2107395300511823,1.1371514482780105,0.95,317.7423781949512,13.835762797081149,15.902888271322464,0.0,0.0,2.6026954521521706,15.944105866549396,1.0,0.0,1.0,0.0,0.0,0.0,0.0,1.0,0.0,0.0,0.0,0.0,0.0,0.0,0.0,0.0,0.0,1.0,0.0,0.0,0.0,0.0,0.0,0.0,1.0,0.0,0.0,0.0,0.0,1.0,0.0,0.0,0.0,0.0
71.90019955672744,516.2664913189202,62.376153211313024,0.0,8.999492828778006,6.972764477847647,-11.985960497453465,-20.247787492234075,16.38043150186023,16.853597931234816,4.672956100686907,1.9822260346946476,0.17602500021915685,17.878896014876545,32.203631625511136,4.133848621196395,157.3503615483948,77.16067240603303,34.17631924194049,0.0,5.477433760985345,19.44428780579586,0.95,0.7164129128819987,4.113354807276545,2.402187430264433,518.5159513153123,49.36752032207597,48.69938261140092,0.0,0.0,5.603032328863563,73.05769985784536,1.0,0.0,0.0,0.0,1.0,0.0,0.0,1.0,0.0,0.0,0.0,0.0,0.0,0.0,0.0,0.0,0.0,0.0,0.0,0.0,1.0,0.0,0.0,0.0,1.0,0.0,0.0,0.0,1.0,0.0,0.0,0.0,0.0,0.0
75.11191404740046,88.76621352303033,50.393113555339404,2.211798658543108,49.59692617062103,13.650235790195142,608.9937552887116,60.86869063659577,0.0,3.496490378588425,41.28310432700796,4.087485668682953,0.0,0.0,3.4480256951689263,0.0,78.68536574331378,43.33969905473567,0.0,0.0,3.2454272288406285,22.18771534174211,1.0088340354819745,0.2626131190040981,0.95,0.95,499.55575331049243,31.08603745962529,3.7143301766838057,0.0,0.0,4.960381947129958,28.207542986255945,0.0,0.0,0.0,0.0,0.0,0.0,0.0,1.0,0.0,0.0,0.0,0.0,0.0,0.0,0.0,0.0,0.0,0.0,1.0,1.0,0.0,1.0,0.0,0.0,1.0,0.0,0.0,1.0,0.0,1.0,0.0,1.0,0.0,0.0
16.722643675814133,0.0,15.467599531861428,0.0,36.76674301827098,0.0,-139.65380237318277,38.63325556911934,0.0,4.650848979949814,9.743003928585715,4.810612567492013,0.0,0.0,0.0,1.5426281585529402,33.97446787414569,32.43794502112141,0.0,0.0,0.0,33.896981478221804,2.122044103597573,1.5192774195628076,0.9730347983417361,0.95,851.2549991774724,33.9930120665801,2.670284797365312,0.0,0.07563496430494067,5.527462259036226,0.0,0.0,0.0,1.0,0.0,0.0,0.0,0.0,1.0,0.0,0.0,0.0,0.0,0.0,0.0,0.0,0.0,1.0,0.0,0.0,0.0,1.0,0.0,0.0,1.0,1.0,0.0,0.0,0.0,1.0,0.0,0.0,1.0,0.0,1.0
40.27520716254193,246.64611518103646,67.17514881227913,1.5106013687889956,0.0,0.0,-265.41774302933857,-24.99950605064688,0.0,19.41947579444434,11.48838301932102,1.9053198461766596,0.6647931539491798,78.79613680168879,18.23931370832061,10.120928265586834,164.89232474310654,0.0,23.005735458365713,0.0,5.856616791080767,22.605271423092148,2.0942297861894192,1.4337729207306937,2.7255043195518347,2.2775001583494907,477.8464123450724,48.524954167339885,32.59165857258276,0.0,0.0,3.6564276909641396,43.08837889909037,0.0,1.0,1.0,0.0,0.0,0.0,0.0,1.0,0.0,1.0,0.0,0.0,0.0,0.0,0.0,0.0,0.0,1.0,0.0,0.0,1.0,0.0,1.0,0.0,1.0,0.0,0.0,0.0,0.0,1.0,0.0,1.0,0.0,0.0
60.33209923508922,424.7112242352012,34.58153799080378,0.0,127.51836649882995,0.0,-319.6696264309611,-2.5924941243376938,1.8404825375548768,10.491731366095411,50.43610534059923,1.9453795721553193,0.8613776038461837,212.81989267292462,39.831208700450404,2.305930352523008,143.66422000654705,102.41967680830652,13.747636320336946,0.0,7.506190246102122,20.408991816242306,1.650967561029291,1.672316692074482,0.95,0.95,955.8933995981869,36.879311439202056,60.63789923288911,0.0,0.29829971133452426,6.3244510896019515,0.0,0.0,1.0,0.0,0.0,1.0,0.0,0.0,1.0,0.0,0.0,0.0,0.0,0.0,0.0,0.0,0.0,1.0,1.0,0.0,0.0,1.0,0.0,0.0,0.0,1.0,0.0,0.0,0.0,0.0,0.0,0.0,0.0,0.0,0.0
70.02684510815692,0.0,29.542460770575598,0.0,138.89168433046825,3.3201569490080916,488.09348763723483,24.13355362503384,1.8630233404947845,9.550762170036652,0.0,1.6745477194988714,0.6580646562489253,0.0,0.0,0.0,37.75299119606501,108.11241183141408,8.08400330626752,0.0,4.712214975910684,5.699999999999999,0.95,0.40140865354642596,1.6308178851240704,0.95,252.284581088947,24.35003940322604,29.945499999644554,0.0,0.022866265847551834,1.7651693106066415,0.0,1.0,0.0,0.0,0.0,0.0,1.0,0.0,1.0,0.0,0.0,0.0,0.0,0.0,0.0,0.0,0.0,0.0,0.0,0.0,0.0,0.0,0.0,0.0,1.0,1.0,0.0,0.0,0.0,0.0,0.0,0.0,1.0,0.0,1.0
60.78403790300153,1128.1536755050784,59.92067974848472,0.0,53.27578419118965,6.843723933567104,-377.0906990306405,-77.94158216421127,10.268855602623011,0.0,80.46197283655452,0.0,0.5156986625376186,229.89835382652186,59.45265659621104,19.95384675554292,244.0564872334205,116.72314425682798,1.8127845900270767,0.0,5.840546133408539,8.695184425958386,1.3081926377670763,1.1537570552636613,1.1744366549887157,0.95,630.750791219815,0.0,0.0,0.0,0.21234355346264705,1.323563375779627,1.2981843354112144,0.0,0.0,0.0,0.0,1.0,0.0,0.0,1.0,0.0,0.0,0.0,0.0,0.0,0.0,0.0,0.0,1.0,1.0,1.0,0.0,0.0,1.0,0.0,0.0,1.0,0.0,3.0,0.0,0.0,0.0,0.0,0.0,0.0,0.0
49.09154590140821,586.7111686623084,31.21587819594928,1.678507042386641,63.3890852731155,0.0,256.7096223443798,56.88724113002228,4.206868076944625,10.06243086009278,17.2412893138062,3.673356626980543,0.8550567222829581,191.1982432658637,29.66799317069756,19.967543188713435,118.1687675814808,0.0,16.82876261672201,0.0,0.0,8.274494134315873,0.95,0.553451684781404,0.95,0.95,213.94971314807688,25.22760825627992,7.518536521528999,0.0,0.32125112683945833,6.616064651087802,41.813559796586325,1.0,0.0,0.0,0.0,1.0,0.0,0.0,1.0,1.0,0.0,0.0,0.0,0.0,0.0,0.0,0.0,1.0,0.0,0.0,0.0,1.0,0.0,0.0,0.0,1.0,2.0,0.0,0.0,0.0,0.0,0.0,0.0,0.0,1.0
23.83084974016176,301.9866530791211,13.800831128431788,0.0,0.0,5.524254414908376,-91.48909672486205,25.064438248572372,12.49445887112664,15.439528083098764,56.205898349776376,3.814964680036944,1.5777601112253667,83.5099654237456,11.537931089724868,0.0,11.186661347264234,105.57707067915914,31.533985897578777,0.0,0.0,32.43325631994452,1.215924236765345,0.9357567342728945,2.4354434204354294,2.4029206239167595,578.1587805680979,0.0,0.0,0.0,0.010076492548636434,0.07217433851415045,131.56202368589283,1.0,0.0,1.0,0.0,0.0,1.0,0.0,1.0,0.0,0.0,0.0,0.0,0.0,0.0,0.0,0.0,1.0,0.0,0.0,0.0,0.0,0.0,0.0,0.0,1.0,0.0,0.0,0.0,0.0,0.0,0.0,1.0,0.0,1.0
41.818063999339046,891.6838248357851,59.47438878461142,2.4529450732280322,0.0,9.869901880648497,-186.75799103159477,-74.88274726212974,10.205749538623689,13.397102588211828,41.1337241953295,9.21071838155922,1.2962323005798249,277.72281024342686,25.812223324875934,21.48001210003685,145.18873919525393,76.38076429517592,23.519061330829267,0.0,8.809022756329256,17.057149764437618,1.6072747592921033,1.5697274957769158,2.5345048206881415,2.227669424412126,129.17162197872125,39.82988242723089,22.72777439067568,0.0,0.30924107901641595,7.732101530340426,18.80468748035547,1.0,0.0,0.0,0.0,0.0,0.0,0.0,1.0,0.0,0.0,1.0,0.0,0.0,0.0,0.0,0.0,1.0,0.0,1.0,0.0,0.0,0.0,0.0,0.0,0.0,0.0,4.0,0.0,0.0,0.0,0.0,1.0,0.0,0.0
49.84599314592885,207.310391280031,47.44898452988927,1.949938670058276,24.27211693975191,0.0,-63.27940724994711,-21.08677481259976,4.5086166210722745,0.0,0.0,0.0,0.0,40.610213028654215,69.94745271398078,11.002196032835098,96.01760017149813,15.238020239639496,0.0,0.0,0.0,10.625843790402495,1.2783169526981417,1.3862282790311127,0.95,0.95,490.50652618464517,36.519646105885485,45.08913758164188,0.0,0.15055743810830766,5.401857434016208,0.0,1.0,0.0,0.0,0.0,0.0,0.0,0.0,1.0,1.0,0.0,0.0,0.0,0.0,0.0,0.0,0.0,0.0,1.0,0.0,0.0,0.0,0.0,1.0,1.0,1.0,0.0,0.0,0.0,0.0,0.0,0.0,0.0,0.0,0.0
54.77382326162776,279.35529879816863,52.421172020387004,0.0,6.293854441307907,0.0,-166.98206648002954,14.359322573745388,0.0,3.2174757308944346,0.0,1.3890772522540495,0.0,89.1217482698275,0.0,3.10496483311287,84.17307845462459,24.334420728129643,0.0,0.0,4.491481933466851,16.29488166411615,1.3279089714737944,1.9166768323100105,3.2415883627410387,2.588971010767083,50.36661824691811,14.08056856127051,0.0,0.0,0.262975883209658,4.633320169582409,51.72313830326111,0.0,0.0,0.0,0.0,0.0,0.0,0.0,1.0,0.0,0.0,0.0,0.0,0.0,0.0,0.0,0.0,0.0,1.0,1.0,0.0,0.0,0.0,0.0,0.0,1.0,0.0,2.0,0.0,0.0,1.0,0.0,0.0,0.0,1.0
73.99580176204267,327.06646854613246,55.25079670125095,0.0,45.125496406765244,13.633989326992172,-166.6028895741736,8.37426753105064,3.027759123135348,25.601827452105567,0.0,0.0,0.0011512638179288492,71.16076363360473,19.30322465302846,3.501923835854438,102.18051026941951,59.094848631172354,32.13020608221892,0.0,2.343907439204714,15.441899177696635,1.4014414621786,1.2485795152851276,1.372260948190216,0.95,399.9787343082115,18.977265688603218,12.231205212316507,0.0,0.2234780782797447,1.1176451385870072,0.0,0.0,0.0,0.0,0.0,0.0,0.0,0.0,1.0,0.0,0.0,0.0,0.0,1.0,0.0,0.0,0.0,1.0,0.0,0.0,0.0,1.0,0.0,0.0,0.0,1.0,0.0,0.0,0.0,1.0,1.0,0.0,0.0,0.0,0.0
3.3249999999999997,0.0,28.299196344386292,0.0,0.0,1.095780832975212,64.97829721660871,-52.42658752327966,4.1945269425868705,1.9160321995075764,0.0,0.3675910603300794,0.22583840076474096,0.0,0.0,0.0,0.0,81.86943513592009,4.075693627803358,0.0,0.0,18.588728829659104,0.95,0.8113009710769978,3.803348951735633,3.0021390026614343,-1.9,23.816697573174046,0.0,0.0,0.0,0.6904747387234216,14.99114891740518,0.0,0.0,0.0,0.0,0.0,0.0,0.0,1.0,0.0,0.0,0.0,0.0,0.0,0.0,0.0,0.0,0.0,1.0,1.0,0.0,0.0,0.0,0.0,0.0,0.0,0.0,4.0,0.0,0.0,0.0,0.0,0.0,0.0,0.0
126.53700101817066,1289.5335601063566,83.29660663580984,6.6441640363518415,104.7768800517648,6.7352709393400065,-46.13848250017347,35.667679406469134,8.93355376025131,12.22582250785041,51.871716700994924,0.0,0.0,400.01318207078,75.46255071363714,38.08621155094705,330.0648920291371,244.51026194990243,18.911049956414672,0.0,11.552164907701185,26.01441521189301,2.3386727849868416,2.0860307483338825,4.58846842226952,2.976502068059565,408.86961274746994,41.076519915929396,30.725199736115673,0.0,0.30602807024149187,8.337060647450368,7.612523809322063,0.0,0.0,0.0,0.0,1.0,0.0,0.0,1.0,0.0,0.0,0.0,0.0,0.0,0.0,0.0,0.0,0.0,0.0,0.0,0.0,1.0,0.0,0.0,0.0,1.0,0.0,0.0,0.0,0.0,1.0,0.0,1.0,0.0,1.0
41.37635883871887,906.7686380796233,42.33341253464381,0.11728001214515316,31.15880890271025,0.0,344.1659763807095,51.602229233928526,9.165594989733483,6.288045232364718,33.46563397255007,0.0,0.4336533363135497,227.12377332154898,27.44291783668297,12.586821782828347,148.8982827845036,164.9124792935045,15.297848845490684,0.0,7.462201226212461,19.58678051709733,1.8204462684911449,1.4460734715784267,5.022595931634045,3.811122311569088,-1.9,26.141088106486055,15.940836118401847,0.0,0.0,3.9639590215049405,91.3731983295051,0.0,0.0,0.0,1.0,1.0,0.0,0.0,1.0,1.0,0.0,0.0,0.0,1.0,0.0,0.0,0.0,1.0,0.0,1.0,0.0,0.0,0.0,0.0,0.0,1.0,0.0,0.0,0.0,0.0,0.0,0.0,0.0,0.0,1.0
6.5009150342902515,75.835318976358,9.385346383126596,0.0,0.0,11.514963696337496,108.81479603009113,-22.54331114308662,0.0,5.972013492414667,13.795103204492003,2.4043835011747934,0.0,0.0,0.0,0.0,0.0,0.0,0.0,0.0,0.0,8.09212644874057,2.0044853390534145,1.7876583282504779,0.95,0.95,614.3046377036569,19.149730881178723,27.22009456842178,0.0,0.0,4.910203614904175,0.0,0.0,0.0,0.0,0.0,0.0,0.0,0.0,0.0,0.0,0.0,0.0,0.0,0.0,0.0,0.0,0.0,0.0,1.0,0.0,0.0,0.0,0.0,0.0,0.0,0.0,0.0,0.0,1.0,0.0,0.0,0.0,0.0,0.0,1.0
9.043261630436305,0.0,8.470513920336302,0.0,0.0,0.0,210.46312234215762,22.812124358962578,0.0,0.0,0.0,3.5180655018230054,0.36482527410324805,0.0,0.0,3.0872739806059295,0.0,0.0,0.0,0.0,0.0,26.075726677514357,0.95,0.07805327136642082,3.475529981856086,2.793952315541693,282.94657641415085,32.38980922608197,14.916095339924185,0.0,0.4921141634169082,4.207669385394338,31.471397594833867,1.0,0.0,0.0,0.0,0.0,0.0,0.0,1.0,0.0,0.0,0.0,0.0,0.0,0.0,0.0,0.0,0.0,1.0,0.0,1.0,1.0,0.0,0.0,0.0,1.0,0.0,0.0,0.0,0.0,0.0,0.0,0.0,0.0,0.0
97.34018962127632,1427.4834361111289,86.4578730898315,1.9788850671961358,118.87996872861689,0.0,252.2510681564035,-0.6892849968021535,29.016901930628308,1.6684799421355097,47.87367937098817,0.0,1.01362722458454,395.95837722083223,136.62014480571258,35.38562716255167,308.91611346354335,185.18587550746395,28.03957993776015,0.0,18.712780550380092,19.561848440648596,1.9364715003283244,1.8245370459990657,2.5609932586528146,2.3864605070540494,149.62127610955682,46.01130367604601,54.27618725675772,0.0,0.25411732450758584,5.959451599770305,132.70738885934696,0.0,0.0,0.0,0.0,0.0,0.0,1.0,1.0,0.0,0.0,0.0,0.0,0.0,0.0,0.0,0.0,0.0,0.0,0.0,0.0,1.0,0.0,0.0,0.0,0.0,3.0,2.0,0.0,0.0,0.0,0.0,1.0,0.0,0.0
79.47626859070724,517.3600963952999,42.92145657314106,0.2504044215750526,162.70802013166224,0.0,-60.37113116993898,-75.80746559721085,4.848286247370392,1.8881546211052465,69.38980739182455,0.6837541039260426,0.0,189.0627182663501,0.0,14.050299170391371,194.3565582214485,125.70352572617142,13.813581174940019,0.0,12.07512861628076,32.117828215483975,1.9153138906383769,1.3440615398664242,3.1576823625558843,2.1704407852069156,640.9446520884698,80.93104652537143,87.84822381483943,0.0,0.10322380716356697,6.291233322494477,63.76930844734598,0.0,0.0,0.0,0.0,1.0,0.0,0.0,1.0,0.0,0.0,0.0,0.0,0.0,0.0,0.0,0.0,1.0,1.0,0.0,0.0,0.0,0.0,0.0,0.0,1.0,0.0,0.0,0.0,0.0,0.0,0.0,0.0,0.0,1.0
105.08738930610309,1003.6394874153332,74.0480468435615,2.807255724661056,130.1997007760821,5.51424135670718,260.67328253025914,36.31093009500032,5.974997755151676,13.01738434578104,4.024878707660317,0.7728005192723799,0.5129532210952055,181.18731495868172,17.33327147450121,8.549865572470056,125.6687911231208,86.10675955176512,24.06312696861202,0.0,3.0522856235588174,5.699999999999999,1.9156503686694215,1.2457474479240385,1.9357595202771876,1.834526625009656,11.828645376408986,27.0704331693373,27.235890358359,0.0,0.0,5.317823180665531,33.26739584175626,0.0,0.0,0.0,0.0,0.0,0.0,0.0,1.0,0.0,0.0,0.0,0.0,0.0,0.0,0.0,0.0,1.0,1.0,0.0,1.0,0.0,0.0,0.0,0.0,0.0,0.0,0.0,0.0,0.0,0.0,0.0,0.0,0.0,0.0
15.418267801953597,1034.235295149367,29.790105510472834,0.0,0.0,0.0,5.981655839994895,14.667746428257297,22.57118178367115,13.49394696975111,56.62518461677243,11.13042256088934,1.1778125142466196,330.7112857027539,78.49782026491434,16.447535717438768,163.1906052693517,146.26437985061003,40.41823894757628,0.0,4.580902678468977,22.57859223626715,1.2354845249728785,1.2021956637081248,2.9626109663363485,2.2208346255344136,506.2751982278602,0.0,0.0,0.0,0.1819790475693281,0.0,70.45672905312513,1.0,0.0,0.0,0.0,0.0,0.0,1.0,1.0,1.0,0.0,0.0,0.0,0.0,0.0,0.0,0.0,0.0,0.0,0.0,0.0,0.0,0.0,0.0,0.0,1.0,0.0,0.0,0.0,1.0,0.0,0.0,1.0,0.0,0.0
91.77938007406175,516.7792917793865,67.50674217790612,0.0,68.95150285357226,10.369874403569886,76.27280139700639,46.04817188216727,4.125266916940834,8.096765056839768,34.97433056534929,2.4909454682344396,0.29542927619993425,67.18580625835196,16.360632188706347,6.684301184548223,124.056904973406,53.01264516296778,10.53163041974711,0.0,0.0,22.252839252046673,2.4585939199785587,2.138255364766291,2.653298871047808,1.809617095298294,403.4666881726873,42.38344083694374,51.00028053495928,0.0,0.11241427221418497,1.707332295436903,75.36374906438641,0.0,0.0,0.0,0.0,0.0,0.0,1.0,1.0,0.0,0.0,0.0,0.0,0.0,0.0,0.0,0.0,0.0,0.0,1.0,0.0,0.0,0.0,0.0,0.0,0.0,0.0,0.0,0.0,0.0,0.0,0.0,0.0,0.0,0.0
16.372283699984663,708.3862840033083,58.848428959151974,1.6252065547286967,0.0,0.0,-104.04154200160532,-45.61858342059839,21.962223691042713,10.825868159317569,52.56741076292185,4.7636945247457785,0.9795790442363201,274.3943061810494,37.444226817147296,20.61802731419737,177.65666851777596,207.7466705949984,32.39249159632653,0.0,15.88464060027402,28.128720101949174,0.95,0.8898129620836059,2.4105111164151296,2.2469674569937252,302.61356083176764,55.91322148473722,33.42256059390728,0.0,0.2827839800713994,8.878686874126721,102.74262376962709,0.0,0.0,0.0,0.0,0.0,0.0,0.0,1.0,0.0,1.0,0.0,0.0,0.0,0.0,0.0,0.0,1.0,0.0,0.0,1.0,1.0,0.0,0.0,0.0,0.0,0.0,0.0,0.0,1.0,0.0,0.0,1.0,0.0,0.0
38.07172078331221,434.1087142157914,51.90762887537096,2.7929257641067164,0.0,0.0,-66.02412977404737,-80.06778669971402,6.377606089117564,11.940047777555968,71.28554943801089,4.314889593469359,1.020152381300099,114.3073748260264,22.78304682331511,13.597754365231303,150.1352729989572,43.03628136593359,21.182958437967436,0.0,7.277118269216608,27.039043288871184,2.6124344899030594,2.025775873296568,5.122473138614579,3.83396555673301,107.1501672595765,9.912773682734365,0.0,0.0,0.04298015388447607,3.6200261226934085,155.97139126670308,0.0,0.0,0.0,0.0,0.0,1.0,0.0,1.0,0.0,1.0,0.0,0.0,1.0,0.0,0.0,0.0,0.0,1.0,1.0,0.0,0.0,0.0,0.0,0.0,1.0,0.0,0.0,1.0,0.0,0.0,0.0,1.0,0.0,0.0
3.3249999999999997,0.0,1.8179305932279561,0.0,0.0,0.0,296.2877589477279,41.79552652404385,0.0,8.495433535467729,28.04402242504175,1.173697143324624,0.4200982281438057,0.0,0.0,0.0,0.0,13.754521325637803,0.7320065167394478,0.0,0.0,11.718912857403364,2.191257568431844,2.1373612408337355,0.95,1.1847583505757817,200.22669009994829,33.968958633405485,40.5847672432438,0.0,0.40225379120924953,7.0939480382102404,0.0,1.0,0.0,0.0,0.0,0.0,0.0,0.0,1.0,0.0,0.0,0.0,0.0,0.0,0.0,0.0,0.0,0.0,0.0,0.0,1.0,0.0,1.0,0.0,0.0,0.0,0.0,2.0,1.0,1.0,1.0,0.0,1.0,0.0,0.0
26.734733158408233,0.0,45.06770035440341,0.0,0.0,10.179381673084364,22.509167261919732,11.851067250285782,0.0,0.0,0.0,0.0,0.0,0.0,22.829824786409944,2.0314644120910925,0.0,0.0,0.0,0.0,0.0,17.222894056219495,0.95,0.6023870975047199,1.2055693787701782,1.7105235979727602,581.0860593555894,35.90165303865267,65.793832654086,0.0,0.0,0.5496929868482376,41.34750777412317,0.0,0.0,0.0,0.0,0.0,0.0,0.0,1.0,0.0,0.0,0.0,0.0,0.0,0.0,0.0,0.0,1.0,0.0,0.0,0.0,0.0,0.0,0.0,0.0,0.0,0.0,0.0,0.0,0.0,0.0,0.0,0.0,0.0,1.0
62.05191424715296,212.3249013935872,76.80777263238744,3.6057580942555845,15.180238083779606,0.0,34.22921539016039,10.74566051056705,0.0,0.6123053312526499,18.862674169746697,0.0,0.09079409802450741,68.29464281700257,20.077066726686034,8.11084707670258,119.0474939946265,0.0,0.0,0.0,6.3297939913538315,5.699999999999999,1.5604697251214146,1.3838829685050533,0.95,0.95,667.0423583939967,30.665574070013037,39.50302608916736,0.0,0.052295340900137474,2.6562800889308438,0.0,1.0,0.0,0.0,0.0,0.0,1.0,0.0,1.0,1.0,0.0,0.0,0.0,0.0,0.0,0.0,0.0,0.0,0.0,0.0,1.0,0.0,0.0,0.0,1.0,1.0,0.0,0.0,1.0,1.0,0.0,0.0,1.0,0.0,1.0
33.03480825483929,0.0,43.05825002761262,0.0,0.0,0.870826499835146,172.20544352062888,65.04240779181805,0.0,4.110490579241127,0.0,0.0,0.0,11.26190888536992,0.0,1.97463067379537,0.0,0.0,0.0,0.0,2.441986040178183,33.30182006493964,1.708923028550497,1.6995129501670692,1.516428300996647,1.3289377256546513,610.2845695019998,59.967489199292345,8.510248977754376,0.0,0.0,9.450000000000001,0.0,0.0,0.0,0.0,0.0,1.0,1.0,0.0,1.0,0.0,0.0,0.0,0.0,0.0,0.0,0.0,0.0,0.0,0.0,0.0,0.0,0.0,1.0,0.0,1.0,0.0,0.0,0.0,0.0,0.0,0.0,0.0,0.0,0.0,0.0
75.72809490634035,1091.183364055706,45.77547447018179,0.0,96.24817409496063,0.0,-125.33678766293876,-13.685865202143974,12.676263965042558,21.453150689049295,50.55645087437921,8.303774992484792,0.0,433.48223397337136,41.69315944437484,17.31505243959633,206.76815574212043,204.42258220350354,40.81381916413916,0.0,14.9007012557728,8.972187265284338,1.3543713245182745,0.7743345630954299,0.95,2.0278807937590266,399.23619198338656,0.0,2.988583924922928,0.0,0.0,4.049552424911559,90.4366287632586,0.0,0.0,0.0,0.0,0.0,0.0,0.0,0.0,0.0,0.0,1.0,0.0,1.0,0.0,0.0,0.0,0.0,1.0,0.0,1.0,0.0,0.0,0.0,0.0,1.0,0.0,0.0,0.0,0.0,0.0,0.0,0.0,0.0,0.0
87.96950080270942,759.5261377546873,55.77621950998833,1.6521320943704383,107.80241270322927,0.0,-178.45501040824087,2.5526958056082933,5.863356285503019,23.34053351742607,38.47243102614702,4.092239872172013,1.0694455273657506,146.94014592349546,12.810752687989188,0.0,82.68803913646944,95.96285139561559,30.791958246429324,0.0,0.1405400240012178,14.93674458856994,1.6005371149453413,1.6801692865561257,0.95,0.95,748.5140348275013,52.95808722614004,53.001730555288795,0.0,0.15074550486548924,9.112878056966352,0.0,0.0,0.0,0.0,1.0,0.0,0.0,0.0,1.0,0.0,0.0,0.0,0.0,0.0,0.0,0.0,0.0,1.0,1.0,1.0,0.0,1.0,0.0,0.0,0.0,1.0,0.0,0.0,0.0,0.0,0.0,0.0,1.0,0.0,1.0
82.35463806782226,690.5904885629947,70.5516810197263,3.421082261532272,0.0,22.22201402270454,-54.21588923780567,-13.362839257286748,13.061519326419429,0.0,44.242309063681816,0.0,0.0,230.35452925066136,31.67552292289541,18.094924295686056,122.51079289981637,92.29741218267074,12.244680491494305,0.0,9.285890398103072,5.699999999999999,0.95,0.7418040739535461,1.856901737961761,1.3214390792961623,-1.9,0.0,0.0,0.0,0.19004023716322355,0.0,66.1882792844338,1.0,0.0,0.0,0.0,1.0,0.0,0.0,1.0,0.0,0.0,0.0,0.0,0.0,0.0,0.0,0.0,0.0,0.0,1.0,0.0,1.0,0.0,0.0,0.0,1.0,0.0,0.0,0.0,0.0,0.0,0.0,1.0,0.0,1.0
33.72850813915491,666.3895562092637,33.10124855128651,1.2363388876249035,0.0,12.08865454848283,209.22939112079698,33.21138930174408,9.838933128893764,13.834732181090802,68.04900833402814,0.07211641961475102,0.38933043669176925,113.9432699522321,17.13253519064555,0.0,122.02203725193738,118.45042282866925,26.34925710301272,0.0,5.131430795876236,8.571547415554395,1.8938764584782528,1.1084100321557926,1.7463615475129715,2.1015913065252856,70.42078175300674,49.587849866556326,8.187394721682235,0.0,0.0,5.500178691608134,51.80550449357115,0.0,0.0,0.0,0.0,1.0,0.0,0.0,1.0,0.0,0.0,0.0,0.0,0.0,0.0,0.0,0.0,0.0,0.0,0.0,1.0,0.0,0.0,0.0,0.0,0.0,0.0,0.0,1.0,0.0,0.0,0.0,1.0,0.0,0.0
102.53940298889148,1105.7758256005163,67.56383830716464,1.6687728491261264,48.47370531383163,9.628133720863744,-371.39943325323554,-25.768974986231097,12.92114997897804,6.5981083956968,65.46380099969478,8.703356525053344,0.9329520726496963,396.03854510669356,35.254012952723485,19.327450010366682,199.6494728292722,200.6189389417717,20.45052687526516,0.0,4.689739374323142,20.752658253069317,1.605568462170945,1.5988556397474176,2.7604394013567575,2.321664856433795,353.0897288459442,0.9772511186412913,0.0,0.0,0.0,3.482288948593169,10.718623438268963,1.0,0.0,0.0,0.0,0.0,0.0,0.0,1.0,0.0,0.0,0.0,0.0,0.0,0.0,0.0,0.0,1.0,0.0,0.0,0.0,0.0,0.0,0.0,0.0,0.0,0.0,0.0,0.0,0.0,0.0,0.0,0.0,0.0,0.0
100.23925279982072,1229.0073072911493,55.58052819057223,0.8281355789000032,122.07783509855233,0.0,79.81451750495077,42.231464713913944,15.114532663922969,20.749198155747774,71.49853764768578,0.5618775278004522,1.1600604788977655,279.88315604687904,44.76141929571041,17.43874989456143,203.78424953923127,154.32824565617017,41.289834968455025,0.0,6.440849562119885,29.035374122442448,1.986086731376849,0.8300510129103392,2.264326668130763,2.217958634956234,461.47437991966405,45.19199786734319,33.53583262734385,0.0,0.0,3.6996126438740653,91.3096611483675,0.0,0.0,0.0,0.0,0.0,0.0,0.0,1.0,0.0,0.0,0.0,0.0,0.0,0.0,0.0,0.0,0.0,1.0,0.0,1.0,1.0,0.0,0.0,0.0,0.0,0.0,0.0,0.0,0.0,0.0,0.0,1.0,0.0,0.0
40.483105656277054,77.16958602387683,34.47264121096643,0.0,43.20360125249614,0.9250520711697455,-298.74090589032073,-18.400880226585542,0.0,15.121395669673417,1.1996183551137172,0.0,0.710361754588343,53.17705050862935,17.712662033908266,5.465955743526021,130.78910556382965,41.56005929074944,12.478334310617095,0.0,11.40470727436488,11.264218343601884,1.9131206220662194,2.307790512234825,0.95,0.95,276.9311147788932,75.95554100107492,36.14447142255929,0.0,0.0,9.450000000000001,0.0,0.0,0.0,0.0,1.0,1.0,0.0,0.0,1.0,0.0,0.0,0.0,0.0,0.0,0.0,0.0,0.0,0.0,1.0,0.0,1.0,0.0,0.0,0.0,1.0,1.0,0.0,0.0,1.0,0.0,0.0,0.0,1.0,0.0,0.0
100.83729237690036,1187.8809721997982,51.556751377075784,5.527953495772468,107.12449170568954,0.0,21.884234351752312,21.950158502827996,14.703389340257155,34.22318765970954,112.32294685870872,1.1191251210143762,1.4299198542550982,248.19707106547514,40.73505431551156,13.57904982243167,194.88137328082001,115.04507554878941,53.66333527957328,0.0,8.69011183108436,15.056282794085138,0.95,0.6624230988063772,3.1379558307766207,2.7804266825655586,-1.9,39.68493505861115,52.47243220037309,0.0,0.0,3.820326789560033,75.52888080846157,0.0,0.0,0.0,1.0,0.0,1.0,0.0,1.0,0.0,0.0,1.0,0.0,0.0,0.0,0.0,0.0,0.0,1.0,0.0,1.0,1.0,0.0,0.0,0.0,0.0,0.0,0.0,0.0,0.0,1.0,0.0,1.0,0.0,1.0
141.39310538628192,1233.7346530515379,91.9910891171522,8.305428356224986,48.20113086708417,27.941826343706985,113.57530511429054,-10.693534982799065,3.4073281612784756,0.0,148.9885316360362,0.0,0.0,123.12384478984025,16.71129800811658,0.0,184.15012176175662,45.64228853969912,0.0,0.0,5.625794518202965,19.68756107062727,0.95,0.7230414771241002,2.053018749726354,1.3733835934767167,239.12862621915733,11.015160344961568,10.249280961428338,0.0,0.0,2.527517068144368,41.62209122766702,0.0,0.0,0.0,0.0,1.0,0.0,0.0,1.0,0.0,0.0,0.0,0.0,0.0,0.0,0.0,0.0,0.0,0.0,1.0,0.0,0.0,0.0,0.0,0.0,1.0,0.0,0.0,0.0,0.0,1.0,0.0,1.0,0.0,0.0
3.3249999999999997,0.0,0.0,0.0,0.0,0.0,-260.92918323626867,-53.26979191516999,0.0,0.0,0.0,0.0,0.0,0.0,0.0,0.0,0.0,0.0,0.0,0.0,0.0,13.453192841887864,1.3191237929612787,1.7505660155944425,1.8316362301340439,1.6683956976353154,253.51861058612468,42.56648319304566,17.62718069231577,0.0,0.0,7.672273687648332,0.0,0.0,0.0,1.0,0.0,0.0,1.0,0.0,1.0,0.0,0.0,0.0,0.0,0.0,0.0,0.0,0.0,0.0,0.0,1.0,1.0,0.0,0.0,0.0,1.0,1.0,1.0,0.0,0.0,0.0,0.0,0.0,0.0,0.0,1.0
100.58449699093785,1719.1911451569993,83.23308398101278,2.4476437094945687,55.62472241756907,0.0,-300.80945765406557,-44.771835612293934,24.211826261755597,15.584400363964122,115.04523987854303,7.641967459884878,0.46784951993312596,412.9108243560119,42.200268097291705,27.509004568616028,278.64036046096555,234.8278358002483,41.402791443929075,0.0,9.091164356000483,20.214745949225733,1.8941872547715253,1.4972529611926237,2.7075168114004615,2.3285938300342237,297.0896978862098,14.156575458091691,25.190203190884787,0.0,0.2711111483631691,3.834817759366879,31.345832760857423,1.0,0.0,0.0,0.0,1.0,1.0,0.0,1.0,0.0,0.0,1.0,0.0,0.0,0.0,0.0,0.0,1.0,1.0,1.0,0.0,0.0,0.0,0.0,0.0,1.0,0.0,0.0,0.0,0.0,1.0,0.0,1.0,0.0,0.0
4.8850407961790125,0.0,37.45210480040397,0.0,0.0,0.0,189.4680175948749,16.839963260968222,0.014093309200283066,6.956441056596864,0.0,0.0,0.585056618715896,0.0,0.0,0.0,0.0,18.511873169685323,5.85794898796216,0.0,0.0,24.372468740992545,0.95,0.0,0.95,1.1367167993073442,560.846284520199,20.692866659993815,0.0,0.0,0.0,2.2463568414482395,62.3500279227619,1.0,0.0,0.0,0.0,0.0,0.0,0.0,0.0,0.0,1.0,0.0,0.0,0.0,0.0,0.0,0.0,0.0,1.0,0.0,0.0,1.0,0.0,0.0,0.0,0.0,0.0,0.0,0.0,1.0,0.0,0.0,1.0,0.0,0.0
49.94673969919623,783.9247476401777,63.72107059764038,0.0,0.0,1.083770256285073,528.4137857162482,40.17672632958673,7.832993610921576,6.795001691501075,29.067150680074676,2.5631935438174014,0.0,190.07636868782063,29.699873809379383,20.485412839358048,102.52742115566883,105.57014063138394,18.08619074423219,0.0,3.4382606067756676,16.424076059013668,2.507990029987609,1.2778851026851528,1.1867885573669406,1.6237059017751156,237.86198963691837,53.85888854799569,22.022376043235422,0.0,0.2535218111910528,3.578803606470931,42.26197124164394,0.0,0.0,0.0,0.0,0.0,0.0,0.0,1.0,0.0,0.0,1.0,0.0,0.0,0.0,0.0,0.0,1.0,1.0,0.0,0.0,0.0,0.0,0.0,0.0,1.0,0.0,0.0,0.0,1.0,0.0,0.0,1.0,0.0,1.0
42.47201674815247,486.78336794308314,38.90527773059098,0.4229944241150283,0.0,0.0,81.10393793181403,-0.30931287320613565,0.0,2.8895889352793103,43.28828162089182,6.935089193596884,0.9136620674433721,54.11856455501361,8.01862503214479,0.0,0.0,36.91750797412848,0.0,0.0,0.0,20.934407279359583,2.748943603555497,2.250549755228433,0.95,1.435219054640282,425.54072035559096,42.072334201790305,74.48839339443967,0.0,0.0,6.881720568434393,31.03187536825177,0.0,0.0,0.0,0.0,1.0,0.0,0.0,1.0,0.0,0.0,1.0,0.0,0.0,0.0,0.0,0.0,1.0,0.0,0.0,1.0,0.0,0.0,0.0,0.0,1.0,0.0,0.0,0.0,0.0,0.0,0.0,1.0,0.0,1.0
63.610631968972925,75.3514671972008,66.11809230909233,0.5747390279354048,0.0,8.098041402261742,-134.35667624462917,2.188277083947925,6.54054618958728,0.0,5.231390701424182,1.1605412472660617,0.0558974445226553,0.0,0.0,0.0,134.98490222626987,28.531704614168575,7.548037373244658,0.0,10.642169663178395,23.967076951015386,1.7870156644897475,1.7666051916499586,1.5586282303879828,1.4071602545491453,523.3410327208035,41.89859031740762,27.981635795449563,0.0,0.0,8.7363122290316,34.79249761385965,0.0,0.0,0.0,0.0,0.0,0.0,0.0,1.0,1.0,0.0,0.0,0.0,0.0,0.0,0.0,0.0,1.0,0.0,0.0,1.0,1.0,0.0,0.0,0.0,1.0,0.0,0.0,1.0,0.0,0.0,0.0,0.0,0.0,0.0
55.716760471668344,543.507374401055,34.16159990388782,3.5637647340862975,28.43664757538233,8.53783234646135,238.56978217345375,30.686966788987036,4.0371616277859745,0.7689945431647476,78.40212587849182,0.0,0.0,139.30915811232416,38.47712181316999,5.0037929079756704,111.09003080464288,67.74062375664805,1.868453556940679,0.0,1.610580653548331,15.25816936526499,0.95,0.0,2.44718341996222,2.0323290101635787,38.61932087368547,26.610978384937084,0.0,0.0,0.02479931593484975,4.093795630919419,52.21652142633256,1.0,0.0,0.0,0.0,0.0,0.0,0.0,1.0,1.0,0.0,0.0,0.0,0.0,0.0,0.0,0.0,0.0,0.0,1.0,1.0,1.0,0.0,0.0,0.0,1.0,0.0,0.0,0.0,0.0,0.0,0.0,0.0,0.0,0.0
115.5442667675008,1476.582591088188,87.38280986733614,2.092835029286863,62.52165806145118,8.41207178910149,227.78345212618237,-3.248840345159594,24.554858150256685,9.96317689096228,20.082605241732626,4.818651585049144,0.0,327.4379664633537,71.71273840446263,31.754741430041744,253.44704979677402,141.74543135992712,37.14594317729816,0.0,13.769536191007363,25.705124895313052,0.95,0.7468267295643414,3.9626163973674107,2.871420470123708,258.6070148514801,26.052799307402225,0.0,0.0,0.16051065744896983,5.315832123549248,35.58741339156121,1.0,0.0,1.0,0.0,0.0,0.0,0.0,0.0,0.0,0.0,1.0,0.0,0.0,0.0,0.0,0.0,1.0,0.0,1.0,0.0,1.0,0.0,0.0,0.0,1.0,0.0,0.0,0.0,0.0,0.0,0.0,0.0,0.0,1.0
18.98505945189168,0.0,2.281552625003755,0.0,39.89030800844681,0.0,-79.79979259913482,28.304878515157696,0.0,5.290367811054661,6.0653580416609785,0.0,0.012318940857765859,0.0,0.0,5.257778996525902,0.0,0.0,9.150015621435989,0.0,2.6668592532718955,23.468375842552422,1.9846454259846071,2.1252741928711214,1.4240854162132435,1.1644043682931016,523.185271393856,61.007984915928965,35.84296847596375,0.0,0.18377148348126437,9.099188185742072,39.46467049148354,0.0,0.0,0.0,1.0,0.0,1.0,0.0,1.0,0.0,0.0,0.0,0.0,0.0,0.0,0.0,0.0,1.0,0.0,0.0,0.0,0.0,0.0,0.0,0.0,1.0,0.0,0.0,0.0,0.0,1.0,0.0,1.0,0.0,0.0
27.628506097113892,198.183839063081,46.007961831009204,0.5725927023737112,0.0,3.534633241517602,289.78232925004863,73.56025383043416,0.0,0.0,86.69258207496466,5.35310380835669,0.2093761186268096,21.780549277509905,0.0,13.863437135632907,65.88671667957121,21.6559099307604,0.0,0.0,0.0,18.984760756475634,0.95,0.5040588483364729,2.160896033549634,2.0475457329819147,-1.9,49.93631712888306,21.486676286829983,0.0,0.0017993770980293325,6.200424534461532,82.08368800645712,0.0,0.0,0.0,0.0,0.0,0.0,0.0,1.0,0.0,0.0,0.0,0.0,0.0,0.0,0.0,0.0,0.0,0.0,0.0,0.0,1.0,0.0,0.0,0.0,1.0,0.0,0.0,0.0,0.0,0.0,0.0,1.0,0.0,0.0
126.8721950249741,1308.180486954362,101.13408140380609,0.0,119.14798471377,0.0,64.79357992526518,-1.1583944315422432,20.653063761016746,13.973247268267988,23.665354823669908,4.247076093871455,1.3372903342527986,449.757223533728,71.64466595099019,21.92565212042436,220.7126342809806,214.40395853536447,32.406779981749494,0.0,10.071087285851299,24.321540001238738,2.3598166161009457,1.6460185851384963,2.118563653042521,1.360684979947828,444.39760851633946,24.984759684201926,25.25481570681143,0.0,0.27045121939862404,3.883529478841192,52.9424206654562,1.0,0.0,0.0,0.0,0.0,0.0,0.0,1.0,0.0,0.0,0.0,0.0,0.0,0.0,0.0,0.0,0.0,1.0,0.0,0.0,0.0,0.0,0.0,0.0,1.0,0.0,0.0,0.0,0.0,1.0,0.0,0.0,0.0,1.0
79.07393037432584,602.7809961313551,70.75751056430275,3.8640315501137787,0.0,0.0,217.70424379803833,87.98632930920726,0.0,17.676854307804852,44.91721025437877,6.999851250743128,0.0,98.46043531347334,66.35029589196411,21.593354077954274,32.09119385567644,24.912813676950364,17.98774973976426,0.0,0.0,7.7759703080463805,1.4433325571196054,1.1404911807554574,2.605605529215308,2.1609567824472617,8.266090101895713,0.0,2.129676121760287,0.0,0.0,2.7591790720623224,59.57585976465617,0.0,1.0,0.0,0.0,0.0,1.0,0.0,1.0,0.0,0.0,0.0,0.0,0.0,0.0,0.0,0.0,1.0,1.0,1.0,0.0,0.0,0.0,0.0,0.0,0.0,0.0,0.0,0.0,0.0,0.0,0.0,1.0,0.0,0.0
157.2924194079807,1582.4388842306132,65.97824705876641,3.8540640746992803,185.02470918047365,6.827355355082129,334.5635538685075,32.164949506790855,19.78424917631605,4.810043807873701,71.58450565548375,6.9527357447772875,1.5930518901262847,242.95014215814768,30.333404844154888,5.834416222712085,152.2804940180876,175.8772210947769,27.38234864017194,0.0,4.565998784924513,18.342400189112485,1.2105922880165594,1.2166006621154564,1.8967920421591806,1.7234920048474487,285.7737288698628,32.40237833036822,0.0,0.0,0.0,4.817878384001145,30.500062687020026,1.0,0.0,0.0,0.0,0.0,0.0,0.0,1.0,0.0,0.0,0.0,0.0,0.0,0.0,0.0,0.0,1.0,0.0,0.0,0.0,0.0,0.0,0.0,0.0,1.0,0.0,0.0,0.0,1.0,0.0,0.0,1.0,0.0,0.0
3.3249999999999997,0.0,9.41281791542935,0.0,0.0,0.0,235.40417309568122,21.064577490369388,0.0,0.0,19.987991995853896,0.0,0.8071156873088898,0.0,0.0,0.0,0.0,0.0,0.0,0.0,0.0,40.60687986124952,1.309613165159381,1.1686826457955106,1.3653321439028197,1.2597728320710773,778.3283583760672,56.01141861401632,0.0,0.0,0.0,9.450000000000001,0.0,0.0,0.0,0.0,0.0,1.0,0.0,0.0,1.0,0.0,0.0,0.0,0.0,0.0,0.0,0.0,0.0,0.0,1.0,0.0,0.0,1.0,0.0,0.0,0.0,1.0,0.0,0.0,0.0,0.0,0.0,0.0,1.0,0.0,0.0
76.19766820511204,698.3823324871821,37.29769512409794,3.944323745881007,105.55797168259824,9.59652448436434,211.87507900823962,1.8022079146935206,0.0,20.698329873837373,66.6932884998014,1.5456439303905631,0.761726470453322,186.8622277439731,12.466433018959274,4.57978890815915,128.59626265767452,57.36653302704441,19.7616447902733,0.0,6.471346328626412,19.546922994248792,1.0978357334699873,1.1305581133478233,2.2218155274926374,1.3358315611198428,455.6744147482561,74.47269838941051,51.64378393943828,0.0,0.32481573607525577,9.450000000000001,48.94602322771159,0.0,0.0,0.0,0.0,0.0,0.0,1.0,1.0,0.0,0.0,0.0,0.0,0.0,0.0,0.0,0.0,1.0,0.0,0.0,0.0,0.0,0.0,0.0,1.0,0.0,0.0,1.0,1.0,0.0,0.0,0.0,1.0,0.0,1.0
72.68365725680249,95.9076842860033,52.486673303831076,1.6483175416335434,69.74566975741915,11.463988494367817,-277.25145388051067,-30.30764634139561,0.0,0.0,16.608743985685667,0.0,0.0,0.0,0.0,0.0,56.363688685249635,1.0403195781758257,0.0,0.0,5.336400239284274,12.355469329568386,1.0054274348504262,1.0234742406957569,0.95,1.0970625604023982,18.925710561273036,37.89660035758828,2.7487863630586276,0.0,0.07457664143848626,4.211700165585771,0.0,0.0,0.0,0.0,0.0,0.0,0.0,0.0,0.0,0.0,0.0,0.0,0.0,0.0,0.0,0.0,0.0,0.0,0.0,1.0,0.0,1.0,0.0,0.0,0.0,1.0,0.0,0.0,0.0,0.0,0.0,0.0,0.0,0.0,0.0
3.3249999999999997,0.0,0.0,0.0,0.0,0.0,60.77392887155678,48.760205000354375,0.0,0.0,0.0,0.0,0.0,0.0,0.0,0.0,0.0,0.0,0.0,0.0,0.0,41.798907011035496,2.8614063909588783,2.3261329473026167,1.5213256721320927,1.5531956095543453,834.3768532976524,43.98649735940628,35.11921884887301,0.0,0.0,6.53228032224199,13.341768756761994,0.0,0.0,0.0,0.0,1.0,0.0,0.0,1.0,1.0,1.0,0.0,0.0,0.0,0.0,0.0,0.0,0.0,1.0,1.0,0.0,0.0,0.0,0.0,0.0,1.0,0.0,0.0,0.0,0.0,0.0,0.0,1.0,0.0,0.0
31.726556497355542,333.9135248017884,51.022357063634665,0.0,0.0,7.061409175741356,153.68652696788095,9.133677928400811,2.625941144698998,2.170396011548652,0.0,0.0,0.2160169680486862,83.22320026916596,39.77898367771837,17.95404951111376,24.908639995900998,0.0,5.0099290793786455,0.0,0.0,10.713638964163703,0.9853573009964153,1.4395545317270075,0.95,0.95,720.3797505169077,50.61417642221997,19.784577266142332,0.0,0.0,5.773097352770895,86.37183422698082,1.0,0.0,0.0,0.0,1.0,0.0,1.0,1.0,0.0,0.0,0.0,0.0,0.0,0.0,0.0,0.0,0.0,0.0,0.0,1.0,0.0,0.0,0.0,0.0,1.0,2.0,0.0,0.0,0.0,0.0,0.0,1.0,0.0,0.0
44.17217216969113,575.5003645450329,47.18048211669993,0.0,0.0,0.0,249.4866635153135,35.7459139851501,14.61152226605723,4.752072008595696,0.0,8.768163549159047,1.7556669209784983,131.46126973103404,10.157532606759364,0.0,24.17027345882198,70.99106897252997,16.236090938947243,0.0,0.43891502794254356,30.262788948169735,0.95,1.5478630635367425,3.762273324506231,3.382090858284994,347.7400059286479,63.257569078847325,41.803002005725325,0.0,0.04601594503644714,9.256279633015101,92.96183371264728,0.0,0.0,0.0,1.0,0.0,0.0,0.0,1.0,0.0,0.0,0.0,0.0,0.0,0.0,0.0,0.0,0.0,0.0,0.0,1.0,0.0,0.0,0.0,1.0,1.0,0.0,0.0,0.0,0.0,0.0,0.0,0.0,0.0,0.0
59.290384305547185,261.54786197289104,53.22178530829564,0.06670561901451877,0.0,16.186265831456897,-287.1573981174777,-31.862919341114278,1.877430400817202,10.354309533100402,24.28915202793683,7.048692128701448,0.0,91.80966484406862,0.0,0.0,126.31281893887018,100.13149140805086,15.18119248275869,0.0,11.794292533566415,5.699999999999999,0.95,0.8002632680851077,0.95,0.95,376.3669690444593,0.0,3.628325647170925,0.0,0.0,0.0,0.0,0.0,0.0,0.0,0.0,0.0,0.0,0.0,1.0,0.0,0.0,0.0,0.0,0.0,0.0,0.0,0.0,0.0,1.0,0.0,1.0,0.0,0.0,0.0,0.0,1.0,0.0,4.0,0.0,0.0,0.0,0.0,0.0,1.0,0.0
136.7246706315505,1150.2176765103263,82.57617068502171,4.764405900273489,92.20688812424797,10.032371823180727,-208.06770090782194,6.490990704884428,11.500306634987359,7.776431719345597,0.0,1.2634322091421695,0.9385853409730743,410.8191814648384,72.27707534603944,31.70804864557724,279.97969995004746,135.24713851004884,15.865298825634284,0.0,7.360344566127486,19.627941527253544,3.0838381914027018,2.3111520174591127,3.1802640527536323,1.9148927635349318,226.79159392775833,21.743247871850414,19.568290874328707,0.0,0.1369747844280228,5.21011357560022,0.0,1.0,0.0,0.0,0.0,0.0,0.0,0.0,1.0,0.0,1.0,1.0,0.0,0.0,0.0,0.0,0.0,0.0,0.0,0.0,0.0,0.0,0.0,0.0,0.0,1.0,0.0,0.0,1.0,0.0,0.0,0.0,1.0,0.0,0.0
51.70405449401355,713.6415502949272,22.047595128309677,0.0,31.303416746545246,16.786034369398276,-140.9583957780652,-42.36076195208425,0.0,0.0,34.80333211897912,0.948012377204938,0.8414760606986422,204.9758071305164,20.51383045261932,17.502350192839195,65.45596137000481,151.19317890442832,0.263481244787215,0.0,4.128991360461235,8.668188969374706,2.8834124000608496,1.745861633421298,1.5620180325362027,0.95,353.4607082201956,0.8395514111444733,0.0,0.0,0.0,1.7859756096580792,26.58625088131013,0.0,1.0,0.0,0.0,0.0,1.0,0.0,1.0,0.0,0.0,0.0,0.0,0.0,0.0,0.0,0.0,0.0,1.0,0.0,1.0,0.0,0.0,0.0,0.0,1.0,0.0,0.0,0.0,0.0,0.0,0.0,1.0,0.0,0.0
